{
    "customer": "Walker Group",
    "month": "April",
    "taxPercentage": 0.20,
    "detail": [{
        "date": "2019-04-03",
        "product": "Vitamin C",
        "category": "Health",
        "unitPrice": 25,
        "quantity": 1,
        "discountPercentage": 0 
    }, {
        "date": "2019-04-03",
        "product": "Probiotics",
        "category": "Health",
        "unitPrice": 83,
        "quantity": 1,
        "discountPercentage": 0.25
    }, {
        "date": "2019-04-04",
        "product": "Mild Bubble Cleanser",
        "category": "Cleansing",
        "unitPrice": 13,
        "quantity": 2,
        "discountPercentage": 0
    }, {
        "date": "2019-04-04",
        "product": "Deep Cleanser",
        "category": "Cleansing",
        "unitPrice": 12,
        "quantity": 3,
        "discountPercentage": 0
    }, {
        "date": "2019-04-04",
        "product": "Atomy Men Set",
        "category": "Men Skin Care",
        "unitPrice": 54,
        "quantity": 1,
        "discountPercentage": 0.35
    }, {
        "date": "2019-04-09",
        "product": "BB Cream",
        "category": "Make-Up",
        "unitPrice": 12,
        "quantity": 3,
        "discountPercentage": 0
    }, {
        "date": "2019-04-15",
        "product": "Lipstick Poppy",
        "category": "Make-Up",
        "unitPrice": 22,
        "quantity": 1,
        "discountPercentage": 0
    }, {
        "date": "2019-04-15",
        "product": "Healthy Glow Base",
        "category": "Make-Up",
        "unitPrice": 18,
        "quantity": 2,
        "discountPercentage": 0.12
    }, {
        "date": "2019-04-26",
        "product": "Lotion",
        "category": "Skin Care",
        "unitPrice": 23,
        "quantity": 1,
        "discountPercentage": 0
    }]
}